href,comments,timestamp,ig_user
,"Maravilhosa, Greyce! â¤ï¸",1626475666,@greyceamorim
,A cidade mais gostosaaaaaâ¤ï¸,1626475234,@adeisaguimaraes
,Tem pix?,1626374777,@csuwaki
,"Linda, juzinha",1626368368,@jutorres19_
,Poderosa,1626361874,@inaa_morais
,Que triste ğŸ˜¢ğŸ˜¢ğŸ˜¢ğŸ˜¢ğŸ˜¢ pagar por nos proteger!,1626236977,@diariodonordeste
,"Meu passa tempo predileto Ã© ver o delegado Bruno em aÃ§Ã£o, fazendo justiÃ§a e amo ainda mais quando ele dÃ¡ uns gritoes com os agressores de merda. Ainda bem que existe vocÃª, del.Bruno. gratidÃ£o! â¤ï¸ğŸ™Œ",1625950872,@del.brunolima
,Perfeito!!!!! Assino embaixo,1625949797,@del.brunolima
,Que fotÃ£o do meu paÃ­s Triunfo,1625841449,@suajanela
,Meu paÃ­s â¤ï¸,1625783150,@taminascimento89
,ğŸ˜,1625758482,@resilia.br
,Deusa,1625610576,@taminascimento89
,PatrÃ£o â¤ï¸,1625317536,@italogiullian
,Que fotÃ£o heinnnnnğŸ˜,1625150859,@beatrizgtorress
,Princesa da minha vidağŸ˜,1624829011,@beatrizgtorress
,â¤ï¸â¤ï¸â¤ï¸â¤ï¸,1624780261,@faculdadersa
,â¤ï¸â¤ï¸â¤ï¸â¤ï¸,1624780235,@faculdadersa
,PressÃ£o mundial,1623635733,@edilanecsr
,Pense num casal,1623635725,@edilanecsr
,Coisas lindasssss,1623635718,@edilanecsr
,"Deusa da geografia, que ministra uma aula como ninguÃ©m!!!!!!",1623458409,@adeisaguimaraes
,Que isso hein,1623436228,@annavih_
,KA HO OT â¤ï¸â¤ï¸â¤ï¸â¤ï¸â¤ï¸â¤ï¸â¤ï¸â¤ï¸,1623350669,@resilia.br
,Princeso de tia â¤ï¸,1622923638,@gabriel.saa_
,EstÃ¡ funcionando ?,1622863659,@encontrodasaguas.triunfo
,@anacarolinade848,1622753778,@deusogrego
,#vivaoSUS e #forabolsonaro,1622575674,@adeisaguimaraes
,"Ironias a parte, parabÃ©ns, UFABC,  por contribuir tanto para com a sociedade e logo incentivos sejam oferecidos. Que a educaÃ§Ã£o, ciÃªncia um dia receba a valorizaÃ§Ã£o que merece!",1622513293,@ufabc
,"Vamo cortar mais recursos ainda @jairmessiasbolsonaro, porque ainda tÃ£o conseguindo fazer balbÃºrdia",1622513208,@ufabc
,"Que vÃ¢ndalos, nÃ©, @jairmessiasbolsonaro ?",1622513178,@ufabc
,"BalbÃºrdia que chama nÃ©, @jairmessiasbolsonaro ?",1622513162,@ufabc
,Sensatoâ¤ï¸,1622497771,@gusta
,@___nataliao.gomes perdÃ£o ğŸ˜‚âœ¨,1622474461,@prof.gilsinhobrandao
,@___nataliao.gomes jÃ¡ me desculpando pelo fora Bolsonaro. Se eu vejo alguÃ©m se vacinando o #forabolsonaro vem automaticamente,1622474453,@prof.gilsinhobrandao
,"ğŸ‘ğŸ‘ğŸ‘ boaaaa, Mestre. Viva e SUS e #forabolsonaro ğŸ˜‚",1622474409,@prof.gilsinhobrandao
,Princesaâ¤ï¸,1622419570,@_kabarros_
,ğŸ˜¢ğŸ˜ğŸ˜ğŸ˜,1622347417,@cachoeiradopingape
,ğŸ˜ğŸ˜ğŸ˜ğŸ˜,1620772902,@eupht
,ğŸ˜¢,1620509979,@maribferrer
,Nunca vi uma imagem definir tanto e tanta coisaaaaaağŸ˜®,1620015571,@geografiaacademica
,Lindaâ¤ï¸â¤ï¸â¤ï¸â¤ï¸,1620009098,@bezerraelainee
,LamentÃ¡velğŸ˜¢,1619989877,@amoranimal_salgueiro
,ğŸ˜ğŸ˜ğŸ˜,1619988689,@jutorres19_
,"Achei incrÃ­vel e poÃ©tico, mestre e eterno orientador",1619915914,@prof.gilsinhobrandao
,"Minhas amigas, todas me inspiram, cada uma da sua maneiraâ¤ï¸",1619813827,@resilia.br
,"CADE A ÃGUA NO RIACHINHO, EM SALGUEIRO ? QUE SERVIÃ‡O DEPLORÃVEL. VOCES NAO IMAGEM O IMPACTO DA FALTA DE ÃGUA!!!!!!!",1619753266,@compesa_oficial
,"@dkgansey verdade, nesse sentido, Ã© muito foda, espero que as pessoas nÃ£o fiquem somente nas postagens dela e estudem mais e procurem ajuda mÃ©dica antes de querer fazer do nada. Muito perigoso",1619709247,@exalteioficial
,"Gente mal informada Ã© cansativo, viu... Jejum Ã© totalmente natural e jÃ¡ jÃ¡ vÃ¡rios estudos que comprovam a eficÃ¡cia",1619684744,@exalteioficial
,Ow coisa maravilhosa de se ver,1619456072,@millena.oliveira22
,"New season, plisssssssğŸ˜¢",1619327073,@scottgordonpatterson
,Loveeeeeeeeee,1619327048,@scottgordonpatterson
,PrÃ­ncipe ğŸ¤´ğŸ’™,1619142419,@__ch3ll__
,"E para as pessoas sem comorbidades entre esse intervalo, quando serÃ¡?",1618935017,@prefeituradosalgueiro
,IncrÃ­velğŸ‘,1618881063,@duusabino
,Que incrÃ­vel!!!!!!!! Ansiosaaa,1618872657,@duusabino
,Qual o perfil da mÃ£e ?,1618842551,@_vida_demae
,IncrÃ­vel demaisssğŸ‘ğŸ‘ğŸ‘,1618802352,@jay_ferri
,Inveja demaisssss de vocÃªs,1618783678,@laisbrandaon
,"Os encontros serÃ£o gravados? Queria participar, porÃ©m, tenho aula a noite ğŸ˜¢",1618029396,@instalatasalgueiro
,ğŸ‘ğŸ‘,1617672574,@lapegeouva
,@italogiullian demais ğŸ˜‚,1617593662,@opoeteiro
,"Amo quando vejo a reaÃ§Ã£o indo na direÃ§Ã£o certa. O culpado Ã© sÃ³ o alecrim que Ã© comprometido. ParabÃ©ns, moÃ§a",1617481894,@comuacin
,"Hahahahah o golpe tÃ¡ aÃ­, cai quem quer",1617310155,@drbrunojacob
,"Que tiro, hein, Dani",1617209120,@dradanielagoncalves
,Queee mulherr,1616891571,@dii_lua
,ğŸ˜ğŸ˜ğŸ˜ğŸ˜,1616793062,@bruhsouzaa011
,ğŸ‘ğŸ‘,1616464609,@resilia.br
,"Maravilhosa quando pagar por isso! E que pague! Tudo que vai, volta, bb",1616429183,@del.brunolima
,Deusaaaaaaa,1616380488,@_eduarda_jsilva
,Maravilhaaaa,1616380483,@_eduarda_jsilva
,Gataaaaaaa,1616380479,@_eduarda_jsilva
,Amo um insta â¤ï¸,1616361472,@rafaelamoraisa
,13 â™€ï¸,1616342152,@ninadhora
,"@rafaelamoraisa muito obrigada pela dica â¤ï¸ vou fazer isso sempre agora, vai me ajudar demaisss",1616330726,@rafaelamoraisa
,"@___nataliao.gomes busco sempre nÃ£o ficar chateada com a pessoa, interpretando que ela nÃ£o compreende o quanto Ã© desnecessÃ¡rio, as vezes consigo me blindar outras vezes nÃ£o",1616291750,@rafaelamoraisa
,"Anda ocorrendo muito comigo. SÃ³ quem passa sabe o quanto, por vezes, Ã© incomodo e gerador de gatilhos...",1616291668,@rafaelamoraisa
,"Quando eu fizer vou adicionar brÃ³colis, como a @dedaaladim fez",1616127460,@recalixto
,âœ¨â¤ï¸,1615596801,@mrafaelalopes
,O melhorğŸ‘ğŸ‘,1615308252,@neurondsai
,Mandando energias positivas â¤ï¸âœ¨,1615266547,@marianasct_
,Poderosa,1614873875,@inaa_morais
,Linda meu amor,1614459744,@cida.vieira.58511
,ğŸ‘ğŸ»ğŸ‘ğŸ»ğŸ‘ğŸ»ğŸ‘ğŸ»ğŸ‘ğŸ»ğŸ‘ğŸ»ğŸ‘ğŸ»ğŸ‘ğŸ»,1614181932,@uninterouricuri
,N daaaaaaa,1613862749,@lucas_lira
,Vai matar a gente do coraÃ§Ã£ooooooooooo,1613691596,@lucas_lira
,O momento mais aguardadoooooo,1613691506,@sunaikabruna
,Meu coraÃ§Ã£o quase para!!!!!!!!!!!,1613688962,@sunaikabruna
,"Bucho cheio, mÃ£o lavada, pÃ© na estrada",1613251821,@razoesparaacreditar
,"@alanoc13 precisamos ensina-los, sobretudo, sobre amor, sobre empatia...empatia com todos os seres. Muito triste e revoltante!",1613231806,@del.brunolima
,@del.brunolima que sonhooooo!,1613231717,@del.brunolima
,Lindo demais,1613190121,@deusogrego
,"Gente, tenho coraÃ§Ã£o pra isso n",1613190119,@deusogrego
,Minha mÃ£e. Ela Ã© a pessoa mais forte do world â¤ï¸,1613111881,@todasfridasoficial
,Deusa â¤ï¸ amooo,1613091668,@eu_ensino
,ğŸ˜ğŸ˜ğŸ˜ğŸ˜,1613087518,@leticiafgomes
,ğŸ‘ğŸ‘ğŸ‘,1613062635,@triptaminaworld
,"AÃ­ gente, tÃ£o bom ver mulheres voando â¤ï¸",1612839931,@men1naspics
,ğŸ‘ğŸ‘ğŸ‘ğŸ‘ğŸ‘ğŸ‘ğŸ‘,1612829818,@williamproducoes
,.,1612537905,@elasfeministas
,"Ã‰ aquela histÃ³ria: o golpe tÃ¡ ai, CAI QUEM QUERRRR! papel de homem Ã© mais bonito, viu ?",1612484373,@raphaellalencar
,"ParabÃ©ns, coisas mais lindas â¤ï¸â¤ï¸â¤ï¸â¤ï¸â¤ï¸â¤ï¸â¤ï¸ vocÃªs sÃ£o maravilhosas demais! Muito sucesso, amor, saÃºde, paz e luzzzzğŸ˜",1612321992,@beatrizgtorress
,"Linda sempre, vivi...",1612300763,@viviane.olvr
,Sinto-me transportada para o momentoğŸ‘ğŸ‘,1612223063,@fotografiarafaelalopes
,Que obra de arte!!! Sinto todo o Ãªxtase daqui.ğŸ˜,1612223042,@fotografiarafaelalopes
,"Eu mesma, @___nataliao.gomes ğŸ˜‚ğŸ˜‚ğŸ’—",1612131788,@resilia.br
,Salgueiro-PE,1612023108,@del.brunolima
,Nossa,1611616753,@leticia_s_barros
,"@italogiullian mitou nessa resposta, n esperava, pq suas comidas sÃ£o todas ""normais"" ğŸ˜‚ğŸ˜‚ğŸ˜‚",1611374089,@razoesparaacreditar
,MacarrÃ£o com feijÃ£o Ã© um dos melhores pratos. Sua vez @italogiullian,1611372022,@razoesparaacreditar
,Sem definiÃ§Ã£o um cara desse!!!!,1611261391,@del.brunolima
,"Que trabalho incrÃ­vel e tÃ£o necessÃ¡rio. Multiplica, senhor!!!",1610984376,@del.brunolima
,Viva a vida realğŸ‘,1610830430,@tiapenhaft
,Tenho a vontade de fazer o mesmo...,1610830420,@tiapenhaft
,Assim que eles devem ser tratados... Nada menos que isso â¤ï¸,1610818690,@razoesparaacreditar
,"MulherÃ£o do caralho, vocÃª â¤ï¸â™€ï¸",1610743182,@mayracardi
,"Ansiosa pelo resultado finallll. Tenham pena do nosso coraÃ§Ã£ozinho, @resilia.br  kkkkkkkkkkk aaaaaa",1610509956,@resilia.br
,"Tanta beleza. Nas roupas, nas modelos. Da gosto de ver",1610504171,@sashaayeska
,Um nenÃª muito lindo,1610458820,@gab.olivers
,"Eu conto ou outro graduando quer ter a honra ? Acho que nÃ£o ne, na minha fez ninguÃ©m falou tambÃ©m. Boa sorte, seres!",1610395204,@escoladadepressao
,Essa Ã© a poesia acÃºstica mais lindaaaa,1610246011,@reelsderap
,"Ah, Bia, vocÃª Ã© incrÃ­vel! ğŸ’“",1610245223,@desaguarpsicologia
,Ebaaaaa,1610239367,@mapbiomasbrasil
,Quero tanto q nem sei explicar o quanto quero,1610152425,@misericordiaprecisodeummeme
,Coisa mais lindaaaaaa,1610146059,@psi_mente_transformadora
,ğŸ‘ğŸ‘,1610139050,@resilia.br
,"Vish, tantas coisas, que se uniram e me mostraram que ser feminista Ã© minha cura!",1610119190,@todasfridasoficial
,Maravilhoso!,1610030740,@rladiesnatal
,@rladiesnatal querooooooooo,1610030709,@rladiesnatal
,@italogiullian bem real,1610029100,@frasesinstan
,@italogiullian â¤ï¸â¤ï¸â¤ï¸,1610029073,@frasesinstan
,Post incrÃ­vel e necessÃ¡rio ğŸŒŸ,1609986390,@epstemia
,ğŸ˜» um gatinho,1609866856,@arthurruhtra_
,Que rapaizÃ£oooo,1609866840,@arthurruhtra_
,Coisa linda,1609866833,@arthurruhtra_
,Coisa mais linda de se ver. Eis uma das grandes belezas da vida â¤ï¸,1609806185,@samanthaadantas
,Qual o insta dela ?,1609792659,@razoesparaacreditar
,@samyracoutrim,1609712154,@feminista.uma
,@ju.faith apoiada demais,1609035991,@disseemedisse
,aaaaa ğŸ˜ğŸ˜ğŸ˜,1608652261,@samanthaadantas
,@anacarolinade848 queria ter unhaaaaa,1608301539,@lenisesca
,Maravilhosa e inteligente de tia â¤ï¸,1608251321,@ingrid_pereira_ofc
,Lindaaaaaaa,1608251288,@ingrid_pereira_ofc
,Isso Ã© uma falta de humanidade!!!!,1608225443,@gabiarandela
,ConseguirÃ¡ seu filho de volta,1608225429,@gabiarandela
,Anjos,1608177400,@razoesparaacreditar
,"Sensato â¤ï¸â¤ï¸ sÃ³ vem vacina, o bracinho chega chora",1608158307,@paulojubilut
,ğŸ˜,1608014964,@roupanova
,@rangelseabra ğŸ‘ğŸ‘ğŸ‘ğŸ‘,1607618699,@ferminismo
,Deusaaaaa,1606955555,@nivyamarllem
,"Coragem, porque noÃ§Ã£o nÃ£o tem !!!",1606559652,@del.brunolima
,Maravilhosaa demais,1606255883,@sunaikabruna
,ğŸ‘ğŸ‘ğŸ‘ğŸ‘ğŸ‘â¤ï¸,1606164460,@faculdadersa
,ğŸ˜ğŸ˜ğŸ˜ğŸ˜,1606078041,@joaovictorcfr
,Princesas do meu coraÃ§Ã£o,1605886146,@__starangel
,@leticiabayma marquem @del.brunolima,1605630033,@revistaceara
,@del.brunolima,1605630008,@revistaceara
,"Marquem o @del.brunolima para que ele veja. Isso nÃ£o Ã© violÃªncia fÃ­sica, mas de certo estÃ¡ maltratando esse animal. Todo esse movimento deve ter causado um grande estresse nele, sem contar nas consequÃªncia do Ã¡lcool para seu organismo!!!!!",1605630005,@revistaceara
,@del.brunolima,1605629930,@revistaceara
,@del.brunolima,1605629924,@revistaceara
,@del.brunolima,1605629917,@revistaceara
,@del.brunolima,1605629910,@revistaceara
,"HorrÃ­vel de se ver. Vejo tanta gente protegendo a  nÃ£o objetificaÃ§Ã£o dos animais, mas parece que Ã© sÃ³ redes sociais que rola. Presencialmente Ã© daÃ­ pra baixo!!!! InadmissÃ­vel!!! @del.brunolima",1605629905,@revistaceara
,Tu Ã© bixo soltooo.ğŸ‘ğŸ‘ğŸ‘,1605563225,@olgazevedo
,@whinderssonnunes,1604709209,@fla.viocolaco
,@geraldobalanca,1604709173,@fla.viocolaco
,@luizbacci,1604709161,@fla.viocolaco
,@edilanecsr ğŸ’—,1604536880,@razoesparaacreditar
,Nojo! Desprezo!,1604418265,@ferminismo
,"Empoderamento de homem que vai continuar alegando que a roupa que a mulher estÃ¡ vestida que Ã© responsÃ¡vel pelo abuso, nÃ© ?",1604418251,@ferminismo
,Empoderamento dos abusadores que chama nÃ© ?,1604418209,@ferminismo
,@umakeup.pdf @fotografiarafaelalopes @sensualesalgueiro @fulodepao  @adeisaguimaraes @arraseane.store @bela_marykay1 ğŸ’—ğŸ’—ğŸ’—,1604382325,@todasfridasoficial
,@mayracardi mulherÃ£o da porrannnnnğŸ’“,1604353900,@tatawerneck
,Que fitnesss,1604185001,@edilanecsr
,Lindooooooooooooos ğŸ’—ğŸ’—ğŸ’—ğŸ’—ğŸ’—,1604184987,@edilanecsr
,JÃ¡ ouvi as trÃªs,1603816399,@ferminismo
,Lindaaaa!!!!!!,1603755468,@thayse_olliveira20
,Valor ?,1603378974,@mariabonitasalgueiro1
,Valor ?,1603378963,@mariabonitasalgueiro1
,Coisa mais linda de se verrrrrr,1603339577,@samanthaadantas
,TÃ¡ fÃ¡cil n viu,1603058982,@desargumentacao
,Querooo,1602678916,@kehserfit
,"Isso a globo nÃ£o mostraaaa, mas a Rafa sim!!!!ğŸ‘ğŸ’“",1602636785,@rafaelamoraisa
,A fisioterapia tem sorte de ter vocÃª!!!! Vai ser um profissional surreal de competente. ParabÃ©ns!!!!,1602597019,@duusabino
,Tu Ã© maravilhosa,1602552784,@mrafaelalopes
,ParabÃ©ns princesa lindaaaaaaaaaaaa,1602552755,@mrafaelalopes
,DanÃ§arina quando criancinha kkkkk,1602531513,@uninterouricuri
,@salveomundoazul ğŸ’™ğŸ˜‚ğŸ˜‚ğŸ˜‚ğŸ˜‚,1602469803,@salveomundoazul
,Devolveeee pra Ã¡gua,1602469447,@salveomundoazul
,Maravilhosa demaissssssss,1602155311,@gab.olivers
,Muito modelo,1601813305,@_eduarda_jsilva
,"Linda demais, demaissssssssğŸ’—ğŸ’—",1601813266,@_eduarda_jsilva
,Deusa,1601813250,@_eduarda_jsilva
,Meus amoressssss,1601666522,@__starangel
,ğŸ‘ğŸ‘,1601596320,@pdv_g
,"@deborahgullo_ apoiada, nÃ£o consegui adicionar ainda tambÃ©m",1601585987,@inep_oficial
,Amo vocÃªs,1601507673,@sunaikabruna
,Af esse casal,1601507669,@sunaikabruna
,Que deusa maravilhosa essa psicÃ³loga,1601431221,@desaguarpsicologia
,Lindaaaaaaaaaaaa,1601337810,@_eduarda_jsilva
,"Pois volteeeee e dessa vez venha em minha casa conversar comigo. Obrigada, de nadağŸ’—",1601313914,@_eduarda_jsilva
,"@_eduarda_jsilva afff tava pensando em tu esses dias, que sumiu. Que saudades de ao menos lhe ver na ruaaaa",1601313774,@_eduarda_jsilva
,Como vocÃª tÃ¡ linda e maravilhosaaaaaaa,1601313718,@_eduarda_jsilva
,ğŸ‘ğŸ‘ğŸ‘ğŸ‘ğŸ‘,1600652347,@pdv_l
,Amo um congresso â¤ï¸â¤ï¸â¤ï¸â¤ï¸â¤ï¸,1600652342,@pdv_l
,Kkkkkkk,1600632243,@pdv_l
,ProrrogaÃ§Ã£o cai bemmm,1600632241,@pdv_l
,Joga demais â¤ï¸,1600528828,@virtex_e.sports
,ğŸ‘ğŸ‘ğŸ‘,1600401779,@virtex_e.sports
,"@goncalves.daniela mundinho pequeno. Duas mulheres maravilhosas na enfermagemâ¤ï¸â¤ï¸ o mundo agradece, viu",1600387507,@luziarodrigueses
,@goncalves.daniela coisa linda,1600387463,@luziarodrigueses
,@goncalves.daniela fale de beleza n,1600387449,@luziarodrigueses
,"Ã‰ minha prima maravilhosa, daniii",1600387428,@luziarodrigueses
,A sociedade machista nÃ£o tÃ¡ pronta pra esse olhar que o Felipe lanÃ§a e nem estarÃ¡ nem tÃ£o cedo. Esse machismo estrutural doentiooooo. Que nojo!!!!!!!,1599928113,@comthays
,"Somente verdades. Aqui nÃ£o estÃ¡ sendo questionado traiÃ§Ã£o ou nÃ£o traiÃ§Ã£o, mas sim o machismo nas entrelinhas e nos ataques ao Whindersson. Mas para o homem, a pauta vai ser outra. Sociedade adoecida.",1599928045,@comthays
,"Olhe, difÃ­cil, viu ? Queria muito ter errrado minha aposta sobre Bolsonaro e esse outro cara aÃ­. Queria muito. Pena que nÃ£o aconteceu...",1599863659,@midianinja
,"Ela merece todos os pedidos do perdÃ£o e todas as energias para que se cure. Que vocÃª agora tenha aprendido o real valor de uma mulher. Nenhuma merece nenhum tipo de traiÃ§Ã£o ou de atitudes que lhe faÃ§am se sentir pequenas. ğŸ™Œ Te desejo luz e sucesso, sabedoria. Para minha querida mayra, desejo cura e amor â™€ï¸â¤ï¸",1599351956,@arthuraguiar
,@italogiullian,1599227872,@nortonmello
,ğŸ¤¦,1599169715,@rafaelamoraisa
,Eu amo,1598974162,@euesementinha
,ğŸ˜,1598466584,@mapbiomasbrasil
,Esse de kiwi tem surtido um efeito surreal no meu rosto,1598235360,@miamakeoficial
,TÃ£o gostoso que n da nem pra expressar em palavras,1598223944,@soraalimentos
,ğŸ’“ğŸ’“,1598220112,@bela_marykay1
,Amo,1598041551,@soraalimentos
,"Foda certos comentÃ¡rios e incompreensÃµes de certas pessoas nessa publicaÃ§Ã£o. Para vocÃªs, mais amor, empatia e luz !!!!",1597940196,@mayracardi
,"70 * 7. ParabÃ©ns Mayra, por ser quem Ã© e por agregar tanto nas suas falas. Lhe desejo forÃ§a, amor e cura ğŸ’™",1597940014,@mayracardi
,Muito linda gravidinha,1597877295,@samanthaadantas
,Divas,1597675941,@mayracardi
,"Respeito Ã© independente de corpo ğŸ˜â¤ï¸ todo corpo merece amor â¤ï¸ a publicaÃ§Ã£o mais linda da vida. ParabÃ©ns para seu parceiro, por o respeito, parceria e atitudes. Que outros homens se sintam inspirados e que outras mulheres tambÃ©m sintam o mesmo",1597622594,@camilamonteiro
,"De vez enquanto me pego vendo esses vÃ­deos, sinto-me revitalizada ğŸ’™",1597488237,@maionesematheus
,Maravilhosa,1597266425,@mandasmelo
,Coisa linda e nÃ£o tÃ´ falando sÃ³ do vestido,1597190028,@sashaayeska
,Coisa linda,1597179735,@elismayane98
,VÃª @italogiullian,1597154184,@gifsgalerahumanas
,@mrafaelalopes ğŸ’—ğŸ’—ğŸ’—,1596982532,@sobreautoestima
,@adeisaguimaraes predominantemente gira em torno da hidrologia.,1596820195,@adeisaguimaraes
,@adeisaguimaraes aÃ­ meu coraÃ§Ã£o!!! Vamosss sim.,1596818266,@adeisaguimaraes
,O tanto de saudade que eu tÃ´ das tuas aulas nÃ£o tÃ¡ escritooo,1596763792,@adeisaguimaraes
,Linda demais essa diva da geografia,1596763769,@adeisaguimaraes
,ğŸ‘ğŸ‘ğŸ‘ğŸ‘ğŸ’“,1596512750,@maionesematheus
,Tu Ã© showwwww,1596512745,@maionesematheus
,Linda demais minha bia,1595791514,@beatrizgtorress
,IncrÃ­velğŸ‘,1595464695,@computacao.univasf
,"Bem maravilhosa, tÃ´ sÃ³ admirando",1595105391,@dravitoriabezerra
,TerÃ¡ certificado ?,1595095251,@unep_pt
,@angela_van00 @anacarolinade848,1595091183,@unigranriolaoh
,Minha famÃ­lia com saÃºde e minhas plantinhas bemmm,1594614930,@terrasdosbudas
,ForÃ§a ğŸ’“ğŸ’“ğŸ’“ estamos com vocÃª,1594307813,@mayracardi
,"O momento mais esperado. Fico tÃ£o felizzzzzzzz por vocÃªs. No meio de tanta coisa ruim, vocÃªs trazendo felicidade aos seus seguidores e fÃ£s. Sempre maravilhosossssss",1593960404,@lucas_lira
,Nnnnmnnn aguentoooooo,1593959045,@sunaikabruna
,Maravilhosa,1593911077,@mayracardi
,VocÃª Ã© maravilhosa nas indicaÃ§ÃµesğŸ’“,1593638435,@achadinhosalgueiro
,@del.brunolima,1593533432,@eco_patinhas
,@del.brunolima,1593533349,@eco_patinhas
,@del.brunolima,1593533345,@eco_patinhas
,@del.brunolima,1593533342,@eco_patinhas
,@del.brunolima,1593533338,@eco_patinhas
,@del.brunolima,1593533334,@eco_patinhas
,@del.brunolima,1593533330,@eco_patinhas
,@del.brunolima,1593533325,@eco_patinhas
,@del.brunolima,1593533318,@eco_patinhas
,@del.brunolima,1593533313,@eco_patinhas
,@del.brunolima,1593533308,@eco_patinhas
,@del.brunolima,1593533303,@eco_patinhas
,@del.brunolima,1593533296,@eco_patinhas
,O melhorrrr,1593293407,@bombadosartistas
,A mÃºsica precisa desse talento que vocÃªs sÃ£o,1593186721,@__starangel
,Anjos,1593185841,@__starangel
,Princesas,1593185839,@__starangel
,Coisas lindassss,1593185831,@__starangel
,"@fiosdehenne2020 simmm, Ã© bemmmm difÃ­cil ter. Mayra se destaca por toda a evoluÃ§Ã£o dela. Que cheguemos lÃ¡, porque isso Ã© mais positivo pra gente do que para o outro ğŸ’“",1593184344,@mayracardi
,@fiosdehenne2020 Mayra Ã© incrÃ­vel e sÃ³ estÃ¡ sendo superior... ğŸ’—ğŸ’—,1593184126,@mayracardi
,"ParabÃ©ns por sua forÃ§a, por seu amor tambÃ©m por ele. Amar Ã© uma dÃ¡diva.",1593183859,@mayracardi
,Casa comigoooooo,1593183838,@mayracardi
,QUEEEEE MULHERRRR DO CARALHO VOCE Ã‰ MAYRA. TE VENEROOOOOOOOO,1593183830,@mayracardi
,Mulher maravilhosa,1592838023,@mayracardi
,"Virtual, Ã© o mais viÃ¡vel no momento atual.",1592793140,@conedu.oficial
,Maravilhosa,1592773616,@gabyfelixoficial
,Nossa incrÃ­vel e amada kah. ğŸ’—ğŸ’—ğŸ’— Ela Ã© Ãºnica,1592322723,@gab.olivers
,"Ja Ã© linda e grÃ¡vida fico imaginando o nÃ­vel de beleza. Coisa linda. ParabÃ©ns, que benÃ§Ã£o. Fico feliz por vocÃªsğŸ’—ğŸ’—ğŸ’—",1592260070,@samanthaadantas
,Felicidades meu amor mais linda,1591967398,@nivyamarllem
,Uma princesa. Saudades. Bem pra cÃ¡,1588261035,@ingridjordania.s
,Lindaaa e livre,1588133948,@mrafaelalopes
,A vontade que dÃ¡ de tacar a tesouro no meu cabelo vendo esse vÃ­deo Ã© surrel,1588133924,@mrafaelalopes
,Vermelhooo,1587753368,@dedaaladim
,Deus os conforte ğŸ˜,1587479563,@mirelle.sant
,Meus sentimentos...,1587479548,@mirelle.sant
,Valorr,1587380891,@kehserfit
,"TÃ´ contigo e nÃ£o abro, mesmo nÃ£o acompanhando o BBB, mas vejo o suficiente pra saber que tem que ser vocÃª",1587353776,@babusantana
,@italogiullian queria tambÃ©mâ¤ï¸,1587206858,@darmaespiritual
,"@italogiullian estarei logo, logo â¤ï¸â¤ï¸â¤ï¸",1587206821,@br4sileirissimos
,"A vocÃª, minha gratidÃ£o pelo excelente trabalho e confianÃ§a que passa. Para bolsonaro, infelizmente, minha decepÃ§Ã£o total.",1587125584,@henriquemandetta
,Deus os abenÃ§oe,1586995721,@saulo
,Espero que se torne um marido excepcional,1586995713,@saulo
,Fico feliz por sua imersÃ£o. ParabÃ©ns,1586995673,@saulo
,Ver Lorena. Num Ã© @luanaci09 ?,1586737899,@triptaminaworld
,esperandooo,1586372559,@vanguartoficial
,A dÃºvida,1586299541,@resiliencia_humana
,Uma lindeza do mundo todo,1585412415,@izabeltinin
,ObrigadağŸ˜ğŸ˜ğŸ˜ğŸ˜,1585105826,@mineducacao
,"@alexlimaoficiaal claro, pq uns irem e outros ficarem em casa super vale de alguma coisa nÃ©.",1585101749,@jairmessiasbolsonaro
,"Dando stop nas minhas atividades de homeoffice, para expressar meu medo desse que Ã© o presidente do Brasil, que vai contra evidÃªncias cientÃ­ficas e contra profissionais da Ã¡rea da saÃºde. #ficaemcasabr",1585101611,@jairmessiasbolsonaro
,"@claraheriazevedo mÃ©dicos, biÃ³logos, enfermeiros e todo rede da saÃºde, eles estÃ£o certos.",1585099117,@jairmessiasbolsonaro
,"De fato, uma coisa Ã© um MÃ‰DICO FALANDO A RESPEITO, outra coisa totalmente diferente Ã© um presidente totalmente fora da realidade falando a respeito e ridicularizando. Drauzio pode sim usar o termo ""gripezinha"". Drauzio Ã© mÃ©dico, conhece dessa realidade e a rotina desses surtos.",1584936337,@flaviobolsonaro
,"Muito bom ver que ainda existe gente boa no mundo, que se importa com seu semelhante â¤ï¸",1584844267,@razoesparaacreditar
,"Ah, esses seres humanos ğŸ˜»",1584844242,@razoesparaacreditar
,@italogiullian ğŸ˜ğŸ˜ğŸ˜ğŸ˜ğŸ˜,1584801461,@frasespichadas
,Lindos vocÃªs ğŸ’™ğŸ’™ğŸ’™,1584572711,@ambev
,O casal da minha vida Ã© essa aÃ­,1582230256,@tabatachang
,Lindas palavrasâ¤ï¸,1581603118,@italogiullian
,"Te amo muito, muito. Obrigada por tudo que tem feito e faz por mim  e por nÃ³s, por ser tÃ£o atencioso e dedicado",1581603046,@italogiullian
,ParabÃ©ns!!!!!!!,1581502680,@arraseane.store
,Os resultados de suas noites sÃ£o perceptÃ­veis. A loja chegou e ganhou a cidade.,1581502669,@arraseane.store
,"ParabÃ©ns por todo o esforÃ§o, dedicaÃ§Ã£o e amor pelo que faz. ParabÃ©ns por ser mulher e empreendedora. VocÃª inspira outras mulheres ğŸ’—ğŸ’—ğŸ’—ğŸ’— senti o amor e o peso da batalha nesse pequeno texto",1581502615,@arraseane.store
,A vida Ã© frÃ¡gil e finita,1580957023,@entreparabrisa
,Maravilhosa ğŸ’“,1580659128,@tabatachang
,que trabalho perfeitoğŸ˜,1580658016,@trowfilmes
,"ParabÃ©ns, coisa linda. VocÃª merece o mundo",1580439971,@luziarodrigueses
,ğŸ˜ğŸ’“,1580057403,@darmaespiritual
,Qual o valor ?,1579575967,@nutri.sanus2020
,Nossa,1579401376,@rochacarlae
,"RelaÃ§Ã£o platÃ´nica Ã© a que temos, univasf. Infelizmente",1579301006,@univasf
,Sou fÃ£,1578938522,@__starangel
,Vozes que parecem poesias,1578938516,@__starangel
,"amo demais, demais, coisas lindas e talentosas",1578938511,@__starangel
,FALTA ESTRUTURA,1578938495,@__starangel
,:,1578938487,@__starangel
,"Tenho estrutura pra muito coisa nessa vida, mas pra vocÃªs trÃªs juntas cantando",1578938481,@__starangel
,Amo vcs,1578781824,@__starangel
,ğŸ˜ğŸ˜ğŸ˜ğŸ˜ divas,1578593961,@__starangel
,Fadaaa,1578516511,@nandasouzatattoo
,Valor ?,1578347438,@donakasahomedecor
,â¤ï¸â¤ï¸,1577989249,@arthur_leo65
,ğŸ’—ğŸ’—,1577803219,@ingridjordania.s
,Que casal lindo mdssss,1577550801,@izabela_ribeiromk
,TÃ¡ disponÃ­vel ainda ?,1577381654,@la.lunnas
,@italogiullian lindo dmv,1577298144,@darmaespiritual
,Maravilhosa essa profissional,1577210709,@mrafaelalopes
,Real oficial,1577097081,@geografiaacademica
,Mas gente,1577097078,@geografiaacademica
,ğŸ˜ğŸ˜ğŸ˜,1577019342,@gab.olivers
,Ainda disponÃ­vel ?,1576246757,@la.lunnas
,Eu sou charmoso e meu nome Ã© Raul,1575940979,@olgazevedo
,Eu sou lindo e meu nome Ã© Raul,1575940968,@olgazevedo
,Maravilhosooo,1575853176,@mikaella.desouza
,PoderosÃ­ssima essa mulher ğŸ’—,1575510904,@mrafaelalopes
,@italogiullian vamo comprarrr,1574987751,@thiago.nigro
,Musa,1574126993,@mrafaelalopes
,Qual valor?,1574031838,@naidinha_calcados
,@andriellysousa__ kkkkkkkkk TD mundo fudido com esse tema,1572904647,@paginalixo
,ParabÃ©ns,1572752693,@mrafaelalopes
,Diva da geografia,1572750244,@adeisaguimaraes
,A melhor das melhores pra sempre,1572750232,@adeisaguimaraes
,Maravilhosa,1572309667,@adrianarclua
,"Ficou lindo demaisssss, dx eu morar aÃ­",1572303424,@nandasouzatattoo
,"Coisaaaaa mais linda. Real tudo isso. ParabÃ©ns, nanda, tÃ¡ conquistando teu lugar com maestria. Tu merece demais da conta. ğŸ’“ğŸ‘",1572295981,@nandasouzatattoo
,Nem dÃ¡ p superar,1571881544,@mrafaelalopes
,Impactada com essa beleza toda vez que vejo,1571881541,@mrafaelalopes
,Dona da beleza do mundo tudo,1571881503,@mrafaelalopes
,ProprietÃ¡ria da empresa beleza,1571881490,@mrafaelalopes
,"Oci mdss, coisa lindaaa",1571279400,@tatty.ksantos
,Saudades eternas.,1571239550,@eduardajoaquina4
,O melhorrr,1571170371,@hansenoficial
,Qual o site para se inscrever ?,1571063900,@univasfinforma
,Essa menina Ã© linda demais,1571018994,@luanaci09
,"Ave maria, tiro no meio do meu coraÃ§Ã£o",1571018989,@luanaci09
,@ms.finese @italogiullian @elainesilva9843,1570408863,@nandasouzatattoo
,Merece o mundo,1570283167,@nandasouzatattoo
,A melhor,1570283143,@nandasouzatattoo
,Maravilhoso demais essa mulher e tatuadorağŸ’“ğŸ’“,1570283138,@nandasouzatattoo
,Ahazadora,1570116221,@olgazevedo
,@italogiullian quero,1569962486,@larissaalencarof
,Quanto o volume russo ?,1569800199,@top_cilios
,O melhor,1569694999,@hansenoficial
,Princesa linda e inteligente,1569095455,@eduardajoaquina4
,Que coisa linda,1568459091,@larissasantos6
,@italogiullian ğŸ˜ğŸ˜ğŸ˜,1567938497,@triptaminaworld
,Princesa do direito,1567695198,@beatrizgtorress
,@italogiullian vale a pena ler livros assim,1567468163,@menteempreendedora
,Ainda tem o body ?,1567388759,@meninastore_
,Abre um com coxinha vegetariana @felipeneto,1567106199,@sociedadevegetariana
,Coxinha veggg pf @felipeneto,1567106171,@sociedadevegetariana
,ğŸ‘ğŸ‘ğŸ‘ğŸ‘,1566832714,@vivianlavorpsi
,ğŸ’—ğŸ’—ğŸ’—ğŸ’— lindoss,1566681919,@luh_kely
,@ninaewilly,1566679908,@hojenageografia
,@elainesilva9843,1566679898,@hojenageografia
,@italogiullian,1566679876,@hojenageografia
,Uma princesa,1566164242,@beatrizgtorress
,Aja coraÃ§Ã£o,1566074991,@__starangel
,Af,1566074986,@__starangel
,Af,1566074985,@__starangel
,Af,1566074984,@__starangel
,"Mais princesa ainda. Achei que nÃ£o tinha como, mas ficou mais lindo do que nunca",1565911906,@mandasmelo
,"@italogiullian saudade, mv",1565777462,@darmaespiritual
,Como faz para participar tambÃ©m ? Quero a mobilidade,1565753485,@pdv_l
,@italogiullian lindo nenÃª,1565523815,@soucaos
,@italogiullian tu,1565276750,@soucaos
,SÃ³ vejo beleza,1565224477,@clediniuda
,Queria informaÃ§Ãµes sobreee,1564716169,@barbaramotah
,"Linda, porÃ©m esqueceu 2737421 pilhas dentro da minha bolsa",1564591848,@mrafaelalopes
,Tem na loja ?,1564536223,@emporiodamodasalgueiro
,Pior tipo de ser humano.,1564502153,@del.brunolima
,@italogiullian te amoooo,1564463194,@soucaos
,Que trabalho maravilhosoğŸ‘ğŸ‘,1564338483,@trowfilmes
,C,1564327940,@matheustomoto
,Coisa mais lindaaa essa mulher,1564234490,@clediniuda
,@_nataliaoliveira___ assassino,1564069176,@oprogramador_
,@italogiullian Fred tÃ¡ no cÃ©u. Respeita,1564069050,@oprogramador_
,@italogiullian ğŸ˜‚ğŸ˜‚ğŸ˜‚ğŸ˜‚ğŸ˜‚ğŸ˜‚ğŸ˜‚ğŸ˜‚ğŸ˜‚ğŸ˜‚ğŸ˜‚ğŸ˜‚ğŸ˜‚ğŸ˜‚ğŸ˜‚ğŸ˜‚ğŸ˜‚ğŸ˜‚ğŸ˜‚ğŸ˜‚ğŸ˜‚ğŸ˜‚ğŸ˜‚ğŸ˜‚ğŸ˜‚ğŸ˜‚ğŸ˜‚ smp nos ouvindo esses. Menos o siri,1564068943,@oprogramador_
,Envia para Pernambuco ?,1563723191,@rubensdettogni_dr.smart
,@italogiullian @ninaewilly @hitalocosta__,1563716993,@nandasouzatattoo
,E por falar em belezaaaaaa,1563658277,@duusabino
,Uma coisa linda,1563462582,@taylaalima
,Jamais impunes!!!!!!!,1563408591,@del.brunolima
,Apaixonada tb,1563205229,@__starangel
,Encantada estou,1563205222,@__starangel
,Coisas maissss lindasssss,1563205219,@__starangel
,Afffffffffff,1563205143,@__starangel
,Qnddd viiii,1563205140,@__starangel
,Deiiiiiiiiii um gritoooooo,1563205132,@__starangel
,QueriaaaaÃ¡aaaaa,1563190712,@anabarcelos_closet
,Melhor composit,1563190697,@anabarcelos_closet
,Coisa mais lindaaaa,1563190654,@anabarcelos_closet
,Sonho de consumo,1563190639,@anabarcelos_closet
,Queriaa p vidaaaaa,1563190610,@anabarcelos_closet
,Melhores looks,1563190586,@anabarcelos_closet
,Sim,1563066239,@lojassuryaacessorios
,"HÃ¡ vÃ­timas. O meio ambiente Ã© vÃ­tima, a nossa Ã¡gua e solo contaminados sÃ£o vÃ­timas. Os animais sÃ£o vÃ­timas. Como nÃ£o hÃ¡ vÃ­timas ?",1562887413,@hansenoficial
,@italogiullian @luziarodriguesenfermagem @elainesilva9843,1562721003,@nandasouzatattoo
,Queriaaaaaa ter esse tipo de crime dentro de casa ğŸ’“,1561909973,@del.brunolima
,@italogiullian  com esse apoio eu vou atÃ© a luaaaaaa te amo,1561899972,@soucaos
,@italogiullian  menino cabeceador lindo,1561863400,@tntsportsbr
,"@italogiullian Deus me livre, mas quem me dera",1561863356,@tntsportsbr
,O menino mais lindo,1561387790,@olgazevedo
,@pedrobringel.4 ğŸ˜¡,1561294824,@fuxiquiane
,@pedrobringel.4 tu Ã© a pessoa que come tudo,1561288475,@fuxiquiane
,"Ã‰ cada uma, viu.",1559962956,@del.brunolima
,ParabÃ©ns e felicidades millllğŸ™Œ,1559920639,@thayse_olliveira20
,@italogiullian @ms.finese @edilane_ribeiro01,1559761106,@growthsupplements
,Mulher mais linda que jÃ¡ vi,1559614379,@edilanecsr
,@italogiullian quero,1559169720,@afetompb
,@italogiullian desejo,1559169713,@afetompb
,@italogiullian tambÃ©m espero que sempre seja,1559169708,@afetompb
,Minha sensibilidade ğŸ’“ğŸ’“,1559095893,@pazeequilibrio
,Ainda bem que o mundo tem profissionais como vocÃªs ğŸ’™ğŸ’™ğŸ’™ğŸ’™ğŸ’™,1558643781,@del.brunolima
,@elainesilva9843 @ms.finese,1558578081,@kaiooliveira
,@ms.finese,1558404138,@lojassuryasalgueiro
,@ms.finese,1558404133,@lojassuryasalgueiro
,@ms.finese,1558404128,@lojassuryasalgueiro
,@ms.finese,1558404106,@lojassuryasalgueiro
,"@italogiullian jÃ¡ dizia Nando reis e eu reproduzo : espero que o tempo passe, espero que a semana acabe, pra que eu possa te ver dnv... espero que o tempo voe e que vocÃª retorne pra que eu possa te abraÃ§ar e te beijarrr de novo ğŸ’“ğŸ’“ğŸ’“ğŸ’“ te amo muito. Morro de sdd tds os dias",1558288648,@darmaespiritual
,@gabriel.barrosc agora me mostra onde ta isso ai q tu ta falando,1557981209,@mineducacao
,"@gabriel.barrosc esse valor retirado estÃ¡ sendo em cima do CUSTEIO, de coisas bÃ¡sicas e extremamente necessÃ¡rio",1557981196,@mineducacao
,"@gabriel.barrosc despesas nÃ£o obrigatÃ³rios? Meu cara, se pra vc pessoal da limpeza, luz, Ã¡gua n Ã© obrigatÃ³rio, sinceramente, nÃ£o sei oq Ã©.",1557981150,@mineducacao
,"Acordo cedo, contemplo cÃ©u  por alguns minutos, depois 15 minutinhos de meditaÃ§Ã£o, banho, cafÃ© da manhÃ£, construo lista de afazeres do dia e comeÃ§o a trabalhar ğŸ’—",1557115582,@workanabr
,@andriell6 exatamente ğŸ’—ğŸ’—ğŸ’—,1556858109,@rafahaui
,@andriell6 nÃ³s sendo nÃ³sssssssss,1556858097,@rafahaui
,@italogiullian,1556681160,@entaomeabracaforte
,"@mrafaelalopes olÃ¡, Ã© vocÃª? ğŸ˜‚ğŸ˜‚",1556590274,@driellydrudi
,@luisamell,1556483424,@amparouricuri
,@luisamell,1556483413,@amparouricuri
,Meu Deus!!!!!!!!!!!!!!!,1556483394,@amparouricuri
,@del.brunolima @luisamell,1556483375,@amparouricuri
,Qual valor do 2 ?,1555442300,@mucambesemijoias
,Isso Ã© uma felicidade sem precedentes,1555344083,@tuitteiros
,@andriell6 to velha jÃ¡,1555344067,@tuitteiros
,"@andriell6 euuuuuuuu vei, fico flutuando, me sentindo a prÃ³pria avrillllll laving br",1555344030,@tuitteiros
,@italogiullian  olha os vÃ­deos desse cara,1554893724,@thulliomilionario
,ğŸ’—,1554593842,@edilanecsr
,"Felicidades, fabin, tu merece!!!",1553643150,@fabioangeloo
,Sempre ficarÃ¡ vivo na nossa memÃ³ria,1553380385,@valenobrasil
,Ainda nÃ£o esquecemos,1553380367,@valenobrasil
,ğŸ™Œ,1553043048,@oemputecido
,Eu quero ganhar @elainesilva9843 @andriell6,1552141001,@gabidudusorteios
,EU QUERO GANHAR @ingridjordania.s @italogiullian,1552140843,@gabidudusorteios
,@pedrobringel.4 ğŸ˜‚ğŸ˜‚ğŸ˜‚ğŸ˜‚ğŸ˜‚ğŸ˜‚ sÃ³ lembro daquele dia q eu levei o fora da menina,1551799516,@vamosrirporra
,@pedrobringel.4 ğŸ˜‚ğŸ˜‚ğŸ˜‚ğŸ˜‚ğŸ˜‚ğŸ˜‚ğŸ˜‚ğŸ˜‚,1551430937,@100nhordosmemes
,@italogiullian sÃ³ chorando horrores,1551242251,@soucaos
,Abaixa que Ã© tiro,1551231260,@edilanecsr
,Existe n,1551231255,@edilanecsr
,Ache mulher mais linda,1551231251,@edilanecsr
,O videooo,1550939920,@proteinacomamor
,Me enviaaaaaa,1550939913,@proteinacomamor
,@clickgeo.cursos nÃ£o achei no link o valor do curso,1549744757,@clickgeo.cursos
,@italogiullian @andriell6 @nivyamarllem,1549592030,@lojassuryaacessorios
,SÃ³ pode participar se comprar acima de 50 reais ou comprar acima de 50 na loja sÃ³ aumenta a chance?,1549587619,@lojassuryaacessorios
,"Ahazadoraaaa, bel",1549407911,@izabeltinin
,NADA AINDAAAAA,1548216346,@mineducacao
,Espero que ao menos estendam o prazo. Pq perdemos o dia jÃ¡...,1548196191,@mineducacao
,"TA IMPOSSÃVEL, MEC",1548190093,@mineducacao
,QUEM JÃ SE INSCREVEU E FEZ TODO O PROCESSO FAÃ‡AM O FAVOOOOR DE SAIR DO SITEEEE.,1548170168,@mineducacao
,"ParabÃ©ns, luana. Desejo-te saÃºde para correr atrÃ¡s dos seus objetivos.",1547485095,@luh_kely
,Quaseee,1547434036,@__starangel
,TÃ´ quase indo a nocaute,1547434034,@__starangel
,Aguento n,1547294788,@__starangel
,Ainda tem nesse modelo?,1547065251,@mucambesemijoias
,Lindinhos,1546218287,@luanaci09
,"@italoalbuq_ meu sonho matar sua sdd. JÃ¡, jÃ¡ mv",1545253146,@darmaespiritual
,Ainda tem?,1545095043,@povaoshoppingdo
,Ainda tem?,1545095028,@povaoshoppingdo
,@italoalbuq_ nunca houve e nunca existirÃ¡ ninguÃ©m com quem eu mais queira estÃ¡ no mundo te amo smp,1544753938,@planodecasal
,ğŸ˜Š,1544220086,@pdv_l
,"@estuda.concurseiraa bote no youtube ""leite Ã© cruel "" e click no vÃ­deo do fala vegan",1544079019,@medicosvegetarianos
,"@isabelasantiago88 olÃ¡... bote no youtube "" leite Ã© cruel "" e click no vÃ­deo do fala vegan, lÃ¡ uma galega explica muito bem a questÃ£o do leite.",1544078982,@medicosvegetarianos
,Uma vida para admirar essa mulher que tu Ã©. ParabÃ©ns e saÃºde para o nenÃª lindo ğŸ’—,1543892771,@olgazevedo
,Quero saber onde essa beleza vai parar,1543266169,@bezerraelainee
,Princesa da minha vida,1543266142,@bezerraelainee
,ğŸ’™,1542848115,@edilanecsr
,ğŸ’—,1542661037,@taylaalima
,Falta de humanidade Ã© o nome.,1542208875,@compesa_oficial
,"E Ã¡gua em salgueiro que Ã© bom, nada ne? Meu pagamento estÃ¡ em dia, vcs estÃ£o em dia com suas obrigaÃ§Ãµes com o povo a quem deve?",1542208857,@compesa_oficial
,"ParabÃ©ns, sucesso e saÃºde pra continuar conquistando seu espaÃ§o!!!!",1540992355,@taylaalima
,Coisa lindaaaaaaaaaaa,1540992290,@taylaalima
,@andriell6 queria? Queriaaaaaaa,1540869413,@onlauri
,Merece muito!!!!,1540575974,@nivyamarllem
,ğŸ’™,1539533408,@edilanecsr
,Coooisa tÃ£o lindaa,1539533402,@edilanecsr
,@italoalbuq_ Love u nenÃª,1539489543,@mpbbrasil_
,"Ai andri, compartilha logo p o pessoal parar de perguntar @andriell6",1539382997,@motivacaoemfrases
,"A prÃ³xima vocÃª leva. Votei e votaria novamente. Dormir com a consciÃªncia tranquila Ã© tudo. Vlw, Ciro. ğŸ’™",1538959914,@cirogomes
,"Aaaaaaaaaaaaaaaaa vc n podia ser mais maravilhoso ne, Amaranto. Br  te ama",1538616279,@_rodrigo_amarante
,Coisa linda dms de se verrrrrrrrrr,1538580480,@taylaalima
,@italoalbuq_ te amo muito vida da minha vida,1538360317,@motivacaoemfrases
,Coisas lindas,1538341292,@biig_brubs
,ParabÃ©nsssssssss,1536063546,@joaovictorwo
,"Quero ser igual tu qnd eu crescer, viu, bjs",1536063531,@joaovictorwo
,Ã“leo de cocÃ³ que se compra em mercado?,1534710668,@veganicedodia
,Amo vocÃª,1534258278,@italogiullian
,Af,1534258275,@italogiullian
,Completamente apaixonada por esse homem. Que continuemos sempre,1534258256,@italogiullian
,Voltaaa e trÃ¡s teu nenÃª p eu cheirar,1532999138,@luziarodrigueses
,ğŸ˜ğŸ˜ğŸ˜,1532999121,@luziarodrigueses
,Voltaaaaa,1532998934,@luziarodrigueses
,Muita saÃºde,1532998932,@luziarodrigueses
,VocÃª estÃ¡ de parabÃ©ns,1532998926,@luziarodrigueses
,Que corpo Ã© esse hein,1532998916,@luziarodrigueses
,A saudade desse nenÃª ta grandeeeeeee,1532998895,@luziarodrigueses
,Sempre galÃ£ esse menino,1532737770,@fabioangeloo
,Que espetaculo de mulher,1529685214,@carolfilgueira14
,"@igluca5 ğŸ˜‚ğŸ˜‚ğŸ˜‚ğŸ˜‚ğŸ˜‚ğŸ˜‚ğŸ˜‚n Ã© mais skol beats, Ã© sÃ³ skol agora. Desce redondo",1526434149,@xuxanave
,@andriell6 oq tu precisa,1526260208,@engenheiroporumfio
,ğŸ’™ğŸ’™ğŸ’™ğŸ’™,1526089988,@ninaewilly
,"Como assim eu entro no teu insta p roubar tua bio e descubro uma notÃ­cia dessa. Queeeee linda, parabÃ©ns e saÃºde para essa nova vida que estÃ¡ vindo, florzinha. Mais uma/um para vocÃª viciar em los hermanos ...",1525413867,@olgazevedo
,"Uyara, por favor, olha o direct que eu tte mandei",1525246917,@uyaratorrente
,"Uyara, por favorrrrrrr, olha o direct que te enviei",1525246883,@uyaratorrente
,"Uyara, por favor, olha o direct que te mandei, Ã© importante...",1525246841,@uyaratorrente
,"Uyara, porrr favor, olha o direct que te envieei...",1525246803,@uyaratorrente
,@italoalbuq_ sou deusa Ã©,1520872650,@rapnacionalnotopo
,@italoalbuq_ Ã¡gua fria: pulos,1520826007,@amigos_de_luz
,@italoalbuq_  obgd kkkkkkkkkkkkkkk,1520797073,@sincerooficial
,"MulherÃ£o Ã© mulherÃ£o, meus amigos",1520517916,@carolfilgueira14
,Pelo que vi esse fato Ã© de 2015,1520401188,@ideologiacoletiva
,@italoalbuq_ oq vc n me pede sorrindo q eu n faÃ§o chorandl,1519873305,@tntsportsbr
,Como vc n ama isso @italoalbuq_,1517716655,@feed_delicious
,"@italoalbuq_ insana, porÃ©m real",1517188799,@adsdepressao
,"Nossa, isso sim Ã© o tiro que tanto falam",1516984670,@dradanielagoncalves
,@italoalbuq_,1516537846,@blogdaengenharia
,@italoalbuq_ mulher sofre mt ne,1516314221,@alwaysbelrose
,@italoalbuq_ me diga q esse n Ã© lindo p ver,1516311291,@retrieverpuppies
,@italoalbuq_  q ratos hein,1516273128,@dodmemes
,Imagino sempre... sÃ³ o que faÃ§o Ã© imaginar,1515531550,@drmariogustavo
,@italoalbuq_ ser feliz p mim n custa caro,1515169949,@goldenretrievers
,@nataliaoliveiragg @italoalbuq_,1515025499,@adsdepressao
,ConheÃ§a pericles @italoalbuq_,1514930742,@naodeixe
,@italoalbuq_ @ninaoliveer @elainesilva9843,1514741790,@rubyrose_oficial
,@italoalbuq_ @edilane_ribeiro01,1514653995,@rubyrose_oficial
,@italoalbuq_ tu,1514638782,@engenheiroporumfio
,Oci mamÃ£e,1514613715,@veganistas.br
,@italoalbuq_ @ingridjordania.s @edilane_ribeiro01,1514501972,@rubyrose_oficial
,@ninaoliveer @nivyamarllem @elainesilva9843,1514482345,@rubyrose_oficial
,@italoalbuq_ @sweet_thamara_ @eukarinateixeira,1514309556,@rubyrose_oficial
,@italoalbuq_ @bellelt_,1513988825,@rubyrose_oficial
,@elismayane98 @ninaoliveer,1513980719,@rubyrose_oficial
,@italoalbuq_ cled sÃ³ fala bem,1513965404,@opoeteiro
,@elismayane98,1513875637,@rubyrose_oficial
,@elainesilva9843,1513875632,@rubyrose_oficial
,@ingridjordania.s,1513875626,@rubyrose_oficial
,@italoalbuq_,1513875618,@rubyrose_oficial
,@italoalbuq_ obgd por me fazer vÃª essa beleza de Deus,1513815157,@maisbrasil
,@italoalbuq_ q palmas mais gostosas ne,1513814889,@babadosecretoficial
,@clarabarros_s2 @uedila.santos,1513806189,@rubyrose_oficial
,@adrianaoliveira2824 @beatrizgtorress @bella7maria,1513734804,@rubyrose_oficial
,@ingridjordania.s @elainesilva9843 @laribarros04,1513710324,@rubyrose_oficial
,@ninaoliveer,1513623406,@rubyrose_oficial
,@italoalbuq_,1513554320,@realismo.poetico
,Fixador,1513551732,@rubyrose_oficial
,@millenasantg @micheli8469,1513473087,@rubyrose_oficial
,@beatrizgtorress @malulps,1513458808,@rubyrose_oficial
,@ingridjordania.s @igorlucas97,1513458789,@rubyrose_oficial
,@edilane_ribeiro01 @elainesilva9843,1513458762,@rubyrose_oficial
,Ãgua micelar,1513366348,@rubyrose_oficial
,@ninaoliveer @adrianaoliveira2824,1513280950,@rubyrose_oficial
,@camilla_costa25 @ingridjordania.s,1513280884,@rubyrose_oficial
,@rochacarlae @nivyamarllem,1513261931,@rubyrose_oficial
,@italoalbuq_ @edilane_ribeiro01,1513261893,@rubyrose_oficial
,@thaisgneto @penha.maria07,1513211177,@rubyrose_oficial
,@camilla_costa25 @juliacguimaraes,1513210088,@rubyrose_oficial
,@ninhafsilva @adrianaoliveira2824,1513208489,@rubyrose_oficial
,@elainesilva9843 @edilane_ribeiro01,1513205460,@rubyrose_oficial
,@silviojsmelo @willian_santos_2015,1513189146,@rubyrose_oficial
,@italoalbuq_ @ninaoliveer,1513189011,@rubyrose_oficial
,@beatrizgtorress @ingridjordania.s @peluciinha,1513187921,@rubyrose_oficial
,@malulps @juliacguimaraes @srta_kcg,1513121363,@rubyrose_oficial
,@elaiineflaviane @elainesilva9843 @elainekarolinne,1513118122,@franduartemakeup
,@laishenrique @helithaolivera @helga_thaenia,1513110556,@rubyrose_oficial
,@peluciinha @emanuelaasantoos @sweet_thamara_,1513110193,@rubyrose_oficial
,@ceecirocha @ninaoliveer @luanaci09,1513110156,@rubyrose_oficial
,@elainesilva9843 @ingridjordania.s @edilane_ribeiro01,1513110098,@rubyrose_oficial
,@karllynhab @srta_kcg,1513043325,@rubyrose_oficial
,@ceecirocha @ingridjordania.s,1513043229,@rubyrose_oficial
,@italoalbuq_ @uedila.santos,1513043205,@rubyrose_oficial
,Que tiro,1513030192,@uedila.santos
,@malulps @ingridjordania.s @laribarros04,1513021878,@sandrapinatto
,@elismayane98 @olaviadanielly @izabele_alencarvieira,1513021767,@sandrapinatto
,@nivyamarllem @giuhalbuquerque @elainesilva9843,1513021744,@sandrapinatto
,@italoalbuq_ @cidinhacaldas1 @ninaoliveer,1513021701,@sandrapinatto
,@edilane_ribeiro01  @edilaine.professoraifsertao @gabioliveira_09,1513021623,@sandrapinatto
,@fabiia_alves,1512998734,@joelmabispooficial
,@mraquelramos,1512998709,@joelmabispooficial
,@laribarros04,1512998697,@joelmabispooficial
,@nivyamarllem,1512998637,@joelmabispooficial
,@yasmindias_,1512998615,@joelmabispooficial
,@thynaradantas,1512998606,@joelmabispooficial
,@edilania.pereira.505,1512998590,@joelmabispooficial
,@sunaferreiraa,1512998578,@joelmabispooficial
,@elainesilva9843,1512998568,@joelmabispooficial
,@adriielly_saraiva,1512998561,@joelmabispooficial
,@edilane_ribeiro01,1512998554,@joelmabispooficial
,@_carolinaalencar @sweet_thamara_ @karllynhab,1512997337,@rubyrose_oficial
,@beatrizgtorress @celinapeixoto_ @bella7maria,1512996455,@rubyrose_oficial
,@nivyamarllem @ninaoliveer @gabioliveira_09,1512996385,@rubyrose_oficial
,@duusabino vÃª qm ta em salgas hj,1512764971,@lojassuryasalgueiro
,@malulps @laribarros04  @ingridjordania.s,1512756191,@rubyrose_oficial
,@elainesilva9843 @ceecirocha @edilane_ribeiro01,1512756013,@rubyrose_oficial
,@italoalbuq_  cai foraaaa klkkkkkkkk sem barriga crescer,1512659746,@maisbrasil
,Kkkkkkkkk boa @italoalbuq_,1512487593,@imec.ti
